{"2013_05_28_drive_0000_sync/image_00": {"ate_score": 286.0829590653378, "rpe_score": [0.40251194174578686, 324.3858783879102], "kitti_score": [0.3109112338012967, 1.1106859441267454]}, "2013_05_28_drive_0000_sync/image_01": {"ate_score": 198.2825719160942, "rpe_score": [0.4141079318004841, 229.92347856673217], "kitti_score": [0.3107505520753928, 0.8693020375001868]}}