{"2013_05_28_drive_0000_sync/image_00": {"ate_score": 0.3327045343379063, "rpe_score": [0.1157150624824235, 0.5381831891721738], "kitti_score": [3.2574215418288808, 0.1566461553801488]}, "2013_05_28_drive_0000_sync/image_01": {"ate_score": 0.37208834486514075, "rpe_score": [0.11497118157306697, 0.549873531674636], "kitti_score": [3.256628871334587, 0.15417163151236682]}}