{"AbandonedFactory/Data_easy/P000": {"ate_score": 3.8724501408553036, "rpe_score": [0.7418575548863063, 29.929248227826367], "kitti_score": [1.9019024874449435, 0.9700396641771862]}, "AbandonedFactory/Data_easy/P001": {"ate_score": 8.168516379765881, "rpe_score": [0.5663314153739417, 25.557057904567184], "kitti_score": [1.6851258796292985, 1.1495434472059016]}, "AbandonedFactory/Data_easy/P002": {"ate_score": 2.9874559495258044, "rpe_score": [0.44162740869027967, 27.943932325144626], "kitti_score": [1.5244781985170501, 0.9695279581426777]}}