{"AbandonedFactory/Data_easy/P000": {"ate_score": 5.424386252332487, "rpe_score": [0.7285198276395888, 29.398663235061534], "kitti_score": [1.8943392689804373, 0.972312064960994]}, "AbandonedFactory/Data_easy/P001": {"ate_score": 8.152204151655688, "rpe_score": [0.5636514456264892, 25.593935876764817], "kitti_score": [1.685249314062869, 1.1491698735477827]}, "AbandonedFactory/Data_easy/P002": {"ate_score": 2.9524036189689475, "rpe_score": [0.43974171342274165, 28.09353339732956], "kitti_score": [1.5246998497422832, 0.9687107554514126]}}